,Clave,Lon,Lat,Edo,Ciudad,Tmin,Tmed,Tmax,Ene
0,COMGJ,-101.47,21.07,GTO,Comanjilla Gto.,6.193548387000001,15.84677419,25.5,0.0
1,SFEGJ,-101.22,21.48,GTO,San Felipe Gto.,2.596774194,11.25,19.90322581,3.2
2,OCTMR,-98.76,18.88,MOR,Ocuituco Mor.,8.677419355,17.41612903,26.15483871,0.0
3,RAVSI,-107.76,25.12,SIN,Estación Rancho Viejo Sin.,10.4516129,20.29032258,30.12903226,0.01
4,SONVC,-95.03,18.52,VER,Sontecomapan Ver.,14.74074074,20.00925926,25.27777778,181.53
5,CORGJ,-100.36,20.2,GTO,Coroneo Gto.,2.516129032,13.08064516,23.64516129,1.2
6,LQMGJ,-101.11,21.32,GTO,La Quemada Gto.,1.870967742,11.5483871,21.22580645,0.0
7,TAPVC,-96.97,19.45,VER,Tapachapan Ver.,10.56521739,15.5,20.43478261,45.51
8,QTZGR,-98.5,16.66,GRO,Quetzala Gro.,17.77419355,25.27419355,32.77419355,0.0
9,POZGJ,-100.5,21.22,GTO,Pozos Gto.,4.741935484,12.83870968,20.93548387,0.0
10,TORSI,-105.85,23.09,SIN,Las Tortugas Sin.,12.32258065,22.58064516,32.83870968,0.0
11,SMAGJ,-101.02,20.43,GTO,San Miguel de Allende Gto.,4.5,13.98387097,23.46774194,0.9
12,CLYMX,-99.24,19.53,MEX,Calacoaya Méx.,5.338709677,13.38709677,21.43548387,6.5
13,VANOX,-96.3,17.78,OAX,Valle Nacional Oax.,17.11538462,22.25,27.38461538,122.14
14,ESLCL,-100.92,25.44,COAH,E. C. Saltillo Coah.,6.379310345,12.85344828,19.32758621,10.45
15,ATEOX,-96.53,17.43,OAX,Atepec Oax.,7.387096774,16.01612903,24.64516129,4.0
16,CNNSO,-110.29,30.98,SON,Cananea Son.,3.333333333,11.275,19.21666667,34.3
17,TOTVC,-96.95,19.23,VER,Totutla Ver.,9.444444444,15.296296300000002,21.14814815,14.72
18,ZOQPB,-97.01,18.33,PUE,Zoquitlán Pue.,6.838709677000001,14.17741935,21.51612903,1.03
19,AMEMC,-101.66,19.93,MICH,Aristeo Mercado Mich.,6.467741935,15.47258065,24.47741935,0.2
20,YXTGR,-99.93,17.6,GRO,Yextla Gro.,10.19354839,17.37096774,24.548387100000003,0.0
21,OTIVC,-96.97,19.55,VER,Otilpan Ver.,9.25,14.0,18.75,56.6
22,SMOGJ,-100.75,20.58,GTO,San Miguel Octopan Gto.,6.822580645,15.06451613,23.30645161,0.01
23,SMAOX,-96.45,17.12,OAX,San Antonio Cuajimoloyas Oax.,2.677419355,8.967741935,15.25806452,5.22
24,SGOZC,-103.51,24.29,ZAC,Santiago Zac.,3.758064516,10.07258065,16.38709677,5.0
25,SLUBS,-109.92,22.89,BCS,Cabo San Lucas B.C.S. SMN*,18.13548387,22.69193548,27.248387100000006,0.0
26,XPJCA,-89.4,18.5,CAMP,Xpujil Camp.,17.96666667,23.56666667,29.16666667,21.0
27,CATARINITAS,-92.48,15.97,CHIS,Catarinitas Chis. SGT*,17.09032258,24.32258065,31.55483871,0.0
28,ZAPALUTA,-92.05,16.12,CHIS,Zapaluta Chis. SGT*,11.29032258,16.97580645,22.66129032,4.8
29,YAQUINTELA,-91.73,16.91,CHIS,Yaquintela Chis. SGT*,15.1,20.90344828,26.70689655,30.6
30,SCLDR,-103.35,24.47,DGO,Santa Clara Dgo.,0.774193548,11.83870968,22.90322581,6.5
31,LAGUNASGT,-98.13,20.14,HGO,La Laguna Hgo. SGT*,5.6356,10.6418,15.648,15.1
32,TLAJOMULCO,-103.42,20.44,JAL,Tlajomulco Jal. SMN*,5.95483871,15.77741935,25.6,5.6
33,AL2NL,-100.01,25.27,NL,Allende Dos N. L.,6.444444444,13.31481481,20.18518519,53.85
34,RHOOX,-95.48,16.59,OAX,Río Hondo Oax.,18.90322581,26.03225806,33.16129032,0.01
35,TLPPB,-96.85,18.4,PUE,Tlacotepec de Díaz Pue.,15.34482759,20.39655172,25.44827586,39.23
36,NECAXASGT,-98.0,20.22,PUE,Necaxa Pue. SGT*,9.900833333,13.76354167,17.62625,13.3
37,TANCHACHIN,-99.15,21.82,SLP,Tanchachín S.L.P. SGT*,14.8,20.10535714,25.41071429,38.5
38,TAPCP,-92.26,14.91,CHIS,Tapachula Chis.,22.31612903,28.39677419,34.47741935,0.0
39,NGRAG,-102.37,21.78,AGS,El Niagara Ags.,3.741935484,14.02419355,24.30645161,5.51
40,MNLAG,-102.79,21.81,AGS,Media Luna Ags.,3.483870968,14.5,25.51612903,24.3
41,CALVILLO,-102.71,21.85,AGS,Calvillo Ags. SMN*,3.874193548,15.198387099999998,26.52258065,18.17
42,OBSAG,-102.29,21.85,AGS,Observatorio de Aguascalientes Ags.,5.716129032,14.89677419,24.07741935,8.71
43,AGSAG,-102.31,21.9,AGS,Aguascalientes Ags.,6.403225806,14.93548387,23.46774194,6.61
44,CNSAG,-102.0,21.9,AGS,Los Conos Ags.,3.7903225810000003,13.60483871,23.41935484,13.2
45,CDRAG,-102.68,22.0,AGS,La Codorniz Ags.,7.112903226,15.81451613,24.51612903,16.7
46,JCQAG,-102.36,22.12,AGS,Jocoque Ags.,4.4193548389999995,13.77419355,23.12903226,6.3
47,PECAG,-102.42,22.14,AGS,Plutarco Elías Calles Ags.,5.564516128999999,14.29032258,23.01612903,6.0
48,PBLAG,-102.29,22.16,AGS,Pabellón Ags.,3.983870968,13.23387097,22.48387097,6.8
49,ANVAG,-102.47,22.19,AGS,Cincuenta Aniversario Ags.,5.422580645,14.07258065,22.72258065,10.6
50,PTRAG,-102.44,22.24,AGS,Derivadora Pabellón Ags.,5.064516128999999,13.57258065,22.08064516,17.41
51,CSOAG,-102.3,22.36,AGS,Cosío Ags.,0.790322581,9.435483871,18.08064516,7.2
52,CATAVINA,-114.72,29.73,BC,Cataviña B.C. SMN*,8.65,13.98666667,19.32333333,11.31
53,CNDCA,-91.05,18.18,CAMP,Candelaria Camp.,17.22580645,23.37096774,29.51612903,10.45
54,PLZCA,-92.09,18.25,CAMP,Palizada Camp.,18.25806452,23.24193548,28.22580645,33.0
55,ESCCA,-90.74,18.6,CAMP,Escárcega Camp.,18.25925926,22.98148148,27.703703700000002,17.93
56,CARCA,-91.76,18.65,CAMP,El Carmen Camp.,21.31818182,25.0,28.68181818,7.41
57,SBNCA,-91.18,18.97,CAMP,Sabancuy Camp.,17.48275862,22.43103448,27.37931034,8.0
58,CANCA,-90.58,19.3,CAMP,Canasayab Camp.,16.5483871,23.08064516,29.61290323,29.92
59,CHMCA,-90.72,19.36,CAMP,Champotón Camp.,17.37037037,23.33333333,29.296296299999998,38.01
60,NYXCA,-90.22,19.61,CAMP,Noh-Yaxché Camp.,15.76666667,23.55,31.33333333,6.1
61,XCPCA,-89.86,19.66,CAMP,Xcupil Camp.,14.77419355,22.79032258,30.80645161,12.03
62,HPOCA,-89.85,19.75,CAMP,Hopelchen Camp.,15.23333333,22.46666667,29.7,52.8
63,CMPCA,-90.54,19.84,CAMP,Campeche Camp.,17.46428571,22.76785714,28.07142857,24.5
64,COBCA,-90.51,19.84,CAMP,Observatorio de Campeche Camp.,17.37777778,23.41666667,29.45555556,22.4
65,BOLCA,-89.74,20.0,CAMP,Bolonchen Camp.,17.53448276,23.43965517,29.34482759,54.0
66,URICH,-107.92,27.22,CHIH,Urique Chih. SMN*,11.56774194,18.91774194,26.26774194,22.86
67,URECH,-107.91,27.22,CHIH,Urique Chih.,9.206451612999999,18.43709677,27.66774194,33.71
68,CNDCH,-108.54,27.42,CHIH,Chínipas Chih.,6.74516129,15.76774194,24.79032258,44.01
69,BSSCH,-108.21,28.21,CHIH,Basaseachi Chih.,-2.312903226,7.362903226,17.03870968,75.9
70,AGZCH,-107.48,28.48,CHIH,Abraham González Chih.,-3.333333333,6.833333333,17.0,20.0
71,QIJCH,-106.09,28.66,CHIH,Observatorio de Chihuahua Chih.,3.438709677,11.93225806,20.42580645,6.41
72,TMCCH,-107.85,28.95,CHIH,Temósachic Chih.,-4.032258065,7.009677419,18.0516129,8.36
73,TNTCH,-107.38,29.56,CHIH,El Tintero Chih.,-0.322580645,8.709677419,17.74193548,7.0
74,OJNCH,-104.41,29.56,CHIH,Ojinaga Chih.,2.016129032,10.81451613,19.61290323,13.02
75,LJSCH,-107.03,29.88,CHIH,Las Lajas Chih.,-0.9032258059999999,6.7741935479999995,14.4516129,4.5
76,CAGCH,-107.93,30.38,CHIH,Casas Grandes Chih.,-0.380645161,8.079032258,16.53870968,5.3
77,SMICP,-92.24,15.78,CHIS,San Miguel Chis.,13.83870968,23.61290323,33.38709677,0.42
78,SDOCP,-93.06,16.45,CHIS,Santo Domingo Chis.,16.08333333,23.45,30.81666667,0.01
79,PCOCP,-91.97,15.85,CHIS,Puente Concordia Chis.,13.90322581,21.81451613,29.72580645,3.61
80,REFCP,-92.67,15.92,CHIS,Reforma Chis.,13.87096774,22.43548387,31.0,0.7
81,REVCP,-93.08,16.16,CHIS,Revolución Mexicana Chis.,14.74193548,21.97580645,29.20967742,0.0
82,AROCP,-93.9,16.24,CHIS,Arriaga Chis.,21.71290323,28.11612903,34.51935484,14.2
83,ANGCP,-92.78,16.4,CHIS,Doctor Belisario Domínguez Chis.,16.70967742,24.48387097,32.25806452,0.01
84,ACACP,-92.8,16.55,CHIS,Acala Chis.,15.58064516,23.02419355,30.46774194,0.8
85,BOQCP,-93.15,16.64,CHIS,Boquerón Chis.,16.58064516,24.03225806,31.48387097,0.0
86,SCOCP,-92.63,16.73,CHIS,Observatorio de San Cristóbal Chis.,7.493333333,14.58333333,21.67333333,1.41
87,TXOCP,-93.13,16.75,CHIS,Observatorio de Tuxtla Gutiérrez Chis.,17.55806452,23.71935484,29.88064516,0.0
88,CHICP,-93.1,16.94,CHIS,Manuel Moreno Torres Chis.,17.96666667,23.48333333,29.0,4.4
89,GRICP,-93.12,16.98,CHIS,Grijalva Chis.,16.01612903,23.19354839,30.37096774,6.2
90,YAMCP,-93.33,17.12,CHIS,Yamonhó Chis.,15.92857143,21.57142857,27.21428571,64.4
91,TAPILULA,-93.01,17.25,CHIS,Tapilula Chis. SGT*,15.44541667,19.75979167,24.07416667,132.3
92,PENCP,-93.46,17.45,CHIS,Ángel Albino Corzo Chis.,19.26086957,23.33695652,27.41304348,156.7
93,SAACP,-92.35,17.57,CHIS,Salto de Agua Chis.,18.26785714,22.88392857,27.5,219.0
94,SALCL,-101.02,25.38,COAH,Observatorio de Saltillo Coah.,6.438709677,13.45,20.46129032,7.01
95,STOCL,-101.02,25.38,COAH,Saltillo Coah.,7.551724137999999,13.44827586,19.34482759,7.42
96,SPECL,-102.98,25.76,COAH,San Pedro Coah.,5.451612902999999,14.52419355,23.59677419,2.52
97,MCVCL,-101.42,26.91,COAH,Monclova Coah.,8.313793103,14.75,21.1862069,5.61
98,CCGCL,-102.06,26.98,COAH,Cuatro Ciénegas Coah.,5.620689655,14.17241379,22.72413793,13.9
99,PRSCL,-101.0,27.42,COAH,Progreso Coah.,4.310344828,12.20689655,20.10344828,18.0
100,VCRCL,-100.62,27.52,COAH,Venustiano Carranza Coah.,5.964285714,12.80357143,19.64285714,15.03
101,PNGCL,-100.53,28.71,COAH,Piedras Negras Coah.,6.911111111,13.42222222,19.93333333,3.8
102,ZPTCL,-100.9,29.03,COAH,Zapata Coah.,4.633333333,11.01666667,17.4,5.0
103,CNTCL,-100.95,29.21,COAH,El Centenario Coah.,4.666666667,11.27777778,17.88888889,5.0
104,CDACL,-100.95,29.33,COAH,Ciudad Acuña Coah.,4.814814815,12.14814815,19.48148148,3.02
105,AMSCL,-101.06,29.45,COAH,Internacional La Amistad Coah.,5.607142857,11.89285714,18.17857143,3.01
106,CDOCM,-103.72,18.75,COL,Cerro de Ortega Col.,18.32258065,25.99193548,33.66129032,0.01
107,LDACM,-103.77,18.81,COL,Laguna de Amela Col.,18.43333333,25.35833333,32.28333333,0.01
108,MNZCM,-104.32,19.04,COL,Manzanillo Col.,22.73870968,27.11774194,31.49677419,0.0
109,LPSCM,-103.73,19.22,COL,La Posta Col.,17.37096774,25.29032258,33.20967742,0.2
110,RDRCM,-103.73,19.22,COL,Radar Col.,19.96774194,27.048387100000003,34.12903226,0.0
111,BVSCM,-103.61,19.25,COL,Buena Vista Col.,15.5483871,24.12096774,32.69354839,0.01
112,DATDF,-99.2,19.3,DF,Desviación Alta Cd. de Méx.,8.806451613,15.87096774,22.93548387,2.0
113,CBIDF,-99.17,19.45,DF,Escuela Nacional de Ciencias Biológicas IPN Cd. de Méx. SMN*,9.119354839,15.68709677,22.25483871,0.75
114,SJADF,-99.07,19.47,DF,San Juan de Aragón Cd. de Méx.,6.661290322999999,15.15322581,23.64516129,7.8
115,CEADF,-99.14,19.52,DF,Campamento Amealco Cd. de Méx.,6.564516128999999,15.16129032,23.75806452,3.2
116,GVCDR,-104.75,23.96,DGO,Presidente Guadalupe Victoria Dgo.,4.6290322580000005,12.23387097,19.83870968,0.5
117,FVLDR,-103.96,24.0,DGO,Francisco Villa Dgo.,3.419354839,14.38709677,25.35483871,1.51
118,DRGDR,-104.67,24.03,DGO,Durango Dgo.,4.619354839,14.56774194,24.51612903,1.21
119,CNTDR,-104.75,24.5,DGO,Canatlán Dgo.,2.129032258,12.69354839,23.25806452,2.7
120,CBRDR,-104.81,24.54,DGO,Caboraca Dgo.,0.935483871,9.669354839,18.40322581,3.02
121,SACDR,-105.44,25.22,DGO,Salomé Acosta Dgo.,1.822580645,12.47580645,23.12903226,10.31
122,FZRDR,-103.77,25.27,DGO,Francisco Zarco Dgo.,7.870967742,14.70967742,21.548387100000003,5.62
123,CLRDR,-103.52,25.53,DGO,Ciudad Lerdo Dgo.,7.096774194,14.12903226,21.16129032,2.93
124,THODR,-103.44,26.11,DGO,Tlahualilo Dgo.,4.258064516,13.33870968,22.41935484,11.81
125,VHGDR,-104.93,26.24,DGO,Villa Hidalgo Dgo.,1.0806451609999999,11.34677419,21.61290323,30.5
126,CEBDR,-104.12,26.52,DGO,Ceballos Dgo.,1.0,12.43548387,23.87096774,9.22
127,OMEGR,-98.43,16.68,GRO,Ometepec Gro.,15.0,20.51612903,26.03225806,0.0
128,ACUGR,-99.75,16.76,GRO,Acapulco Gro. SMN*,18.80967742,26.00483871,33.2,0.0
129,ODAGR,-99.8,16.8,GRO,Observatorio de Acapulco Gro.,21.64193548,27.46935484,33.29677419,0.0
130,AYUGR,-99.1,16.95,GRO,Ayutla Gro.,16.83870968,25.21774194,33.59677419,0.0
131,SJEGR,-100.47,17.14,GRO,San Jerónimo Gro.,21.48387097,26.74193548,32.0,0.0
132,TCOGR,-99.53,17.17,GRO,Tierra Colorada Gro.,18.70967742,25.96774194,33.22580645,0.0
133,TLPGR,-98.6,17.5,GRO,Tlapa Gro.,12.5483871,21.56451613,30.58064516,0.0
134,CHIGR,-99.5,17.55,GRO,Chilpancingo Gro.,11.75806452,20.38709677,29.01612903,2.1
135,ODZGR,-99.5,17.6,GRO,Observatorio de Zumpango Gro.,14.51612903,21.37096774,28.22580645,0.0
136,CHLGR,-99.18,17.61,GRO,Chilapa Gro.,10.25806452,18.82258065,27.38709677,1.0
137,CCHGR,-99.7,17.67,GRO,Chichihualco Gro.,10.80645161,21.20967742,31.61290323,0.0
138,OLNGR,-98.74,17.78,GRO,Olinala Gro.,11.12903226,24.12903226,37.12903226,6.5
139,TLAGR,-99.98,17.79,GRO,Tlacotepec Gro.,8.290322581,13.96774194,19.64516129,0.0
140,XXHGR,-98.49,17.9,GRO,Xochihuehuetlán Gro.,10.48387097,22.08064516,33.67741935,0.0
141,IGLGR,-99.55,18.35,GRO,Iguala Gro.,15.48709677,23.83709677,32.18709677,0.0
142,CALGR,-100.66,18.36,GRO,Ciudad Altamirano Gro.,16.59677419,25.48387097,34.37096774,0.0
143,VGRGR,-100.27,18.38,GRO,Vicente Guerrero Gro.,14.33870968,25.45967742,36.58064516,0.0
144,BVSGR,-99.4,18.46,GRO,Buena Vista Gro.,12.12903226,20.20967742,28.29032258,8.0
145,ACNGJ,-100.72,20.03,GTO,Acámbaro Gto.,7.741935484,16.17741935,24.61290323,2.04
146,SLSGJ,-100.67,20.05,GTO,Solís Gto.,7.806451612999999,16.29032258,24.77419355,1.02
147,JCRGJ,-100.52,20.13,GTO,Jerécuaro Gto.,4.709677419,14.58870968,24.46774194,0.03
148,ECBGJ,-100.9,20.28,GTO,El Cubo Gto.,5.0806451610000005,15.24193548,25.40322581,1.03
149,SLVGJ,-100.88,20.21,GTO,Salvatierra Gto.,6.629032258,16.34677419,26.06451613,1.71
150,LJIGJ,-101.36,20.28,GTO,Las Jícamas Gto.,7.7741935479999995,16.61290323,25.451612899999997,8.0
151,TARGJ,-100.75,20.28,GTO,Tarimoro Gto.,6.887096774,16.23387097,25.58064516,0.04
152,LDYGJ,-101.07,20.29,GTO,Laguna de Yuriria Gto.,5.741935484,14.90322581,24.06451613,2.51
153,SRTGJ,-101.07,20.3,GTO,Santa Rita Gto.,6.209677419,15.74193548,25.27419355,0.03
154,VDSGJ,-101.18,20.39,GTO,Valle de Santiago Gto.,6.677419355,15.0,23.32258065,0.01
155,SJLGJ,-101.02,20.4,GTO,Santa Julia Gto.,5.806451612999999,15.7983871,25.79032258,7.7
156,ABSGJ,-101.52,20.43,GTO,Abasolo Gto.,9.564516129,17.50806452,25.451612899999997,12.3
157,GLNGJ,-101.74,20.44,GTO,La Golondrina Gto.,9.838709677,16.51612903,23.19354839,1.01
158,APSGJ,-100.62,20.45,GTO,Apaseo el Alto Gto.,8.451612903,16.89516129,25.33870968,0.0
159,CRTGJ,-100.95,20.48,GTO,Cortázar Gto.,7.387096774,16.5483871,25.70967742,15.0
160,ATBGJ,-101.63,20.5,GTO,Agua Tibia Gto.,5.258064516,15.69354839,26.12903226,1.02
161,PERGJ,-101.13,20.52,GTO,Pericos Gto.,6.483870968,15.42741935,24.37096774,0.01
162,CLYGJ,-100.82,20.53,GTO,Celaya Gto.,7.709677419,17.20967742,26.70967742,2.1
163,AEGGJ,-100.68,20.53,GTO,Apaseo el Grande Gto.,7.935483871000001,17.92741935,27.91935484,0.0
164,AMCGJ,-100.58,20.55,GTO,Ameche Gto.,6.0,15.92741935,25.85483871,0.0
165,SLMGJ,-101.2,20.57,GTO,Salamanca Gto.,8.0,16.95967742,25.91935484,17.8
166,TEMGJ,-101.3,20.6,GTO,Temascatío Gto.,9.370967742000001,17.82258065,26.27419355,2.51
167,CRMGJ,-101.67,20.62,GTO,Cuerámaro Gto.,9.64516129,18.12903226,26.61290323,0.0
168,LADGJ,-101.84,20.68,GTO,Las Adjuntas Gto.,4.516129032,14.38709677,24.25806452,1.52
169,IRPGJ,-101.35,20.68,GTO,Irapuato Gto.,8.725806452,16.53225806,24.33870968,3.2
170,ECNGJ,-101.37,20.73,GTO,El Conejo Gto.,5.435483871000001,15.36290323,25.29032258,4.3
171,IALGJ,-100.83,20.85,GTO,Ignacio Allende Gto.,6.112903226,15.42741935,24.74193548,0.01
172,PRSGJ,-101.29,20.87,GTO,La Purísima Gto.,8.290322581,16.64516129,25.0,0.0
173,CSRGJ,-100.9,20.95,GTO,Cinco Señores Gto.,3.419354839,13.74193548,24.06451613,0.01
174,GTOGJ,-101.26,21.01,GTO,Guanajuato Gto.,8.035483871,15.90967742,23.78387097,0.0
175,BRRGJ,-101.83,21.05,GTO,El Barrial Gto.,5.661290322999999,14.84677419,24.03225806,7.23
176,LENGJ,-101.67,21.1,GTO,León Gto.,10.11290323,17.79032258,25.46774194,1.01
177,DHGGJ,-100.93,21.15,GTO,Dolores Hidalgo Gto.,2.274193548,15.25806452,28.24193548,0.01
178,EPLGJ,-101.69,21.17,GTO,El Palote Gto.,7.838709677000001,16.08064516,24.32258065,3.0
179,CSTGJ,-101.67,21.2,GTO,Los Castillos Gto.,7.387096774,16.46774194,25.548387100000003,8.9
180,BARBOSA,-101.63,21.29,GTO,Barbosa Gto. Protección Civil*,6.135483871,13.77580645,21.41612903,6.08
181,XICGJ,-100.09,21.3,GTO,Xichú Gto.,8.483333333,17.30833333,26.13333333,1.7
182,SLPGJ,-100.52,21.3,GTO,San Luis de la Paz Gto.,2.225806452,12.16935484,22.11290323,0.0
183,PRQHD,-99.31,19.96,HGO,Requena Hgo.,4.709677419,14.62096774,24.53225806,15.0
184,TLGHD,-98.37,20.08,HGO,Tulancingo Hgo.,6.283870968,14.44193548,22.6,3.0
185,PCOHD,-98.75,20.12,HGO,Observatorio de Pachuca Hgo.,5.174193548,13.54354839,21.91290323,4.5
186,ENDHD,-99.36,20.16,HGO,Endhó Hgo.,6.0,15.38709677,24.77419355,16.01
187,MXQHD,-99.22,20.24,HGO,Mixquiahuala Hgo.,5.741935484,14.58064516,23.41935484,11.5
188,ACTHD,-98.94,20.27,HGO,Actopan Hgo.,4.064516128999999,15.41935484,26.77419355,8.5
189,PRGHD,-99.33,20.36,HGO,Javier Rojo Gómez Hgo.,7.322580645,15.62903226,23.93548387,1.01
190,HCPHD,-99.65,20.37,HGO,Huichapan Hgo.,4.432258065,13.57096774,22.70967742,5.9
191,PVAHD,-99.38,20.44,HGO,Vicente Aguirre Hgo.,6.741935484,15.19354839,23.64516129,1.0
192,IXMHD,-99.22,20.48,HGO,Ixmiquilpan Hgo.,7.806451612999999,15.66129032,23.51612903,0.3
193,ZXTHD,-98.65,20.65,HGO,Zacualtipán Hgo.,6.266666667000001,13.7,21.13333333,21.0
194,ZMPHD,-99.5,20.66,HGO,Ing. Fernando Hiriart Balderrama Hgo.,11.78333333,18.26333333,24.74333333,1.9
195,BBAJL,-104.06,19.91,JAL,Basilio Vadillo Jal.,11.70967742,22.25806452,32.80645161,0.0
196,CPEJL,-105.13,20.0,JAL,Cajón de Peña Jal.,20.80645161,25.48387097,30.16129032,0.0
197,LDCJL,-103.2,20.29,JAL,Lago de Chapala Jal.,13.0,18.0,23.0,7.12
198,JMYJL,-102.71,20.29,JAL,Jamay Jal.,5.7354838710000005,14.51290323,23.29032258,5.82
199,CULJL,-105.05,20.58,JAL,Cuale Jal.,16.77419355,23.18548387,29.59677419,0.91
200,TLAJL,-103.32,20.58,JAL,Tlaquepaque Jal.,10.67741935,18.72580645,26.77419355,11.83
201,GUAJL,-103.37,20.67,JAL,Guadalajara Centro Jal.,10.72580645,17.57258065,24.41935484,10.63
202,TROMX,-100.28,19.1,MEX,Trojes Méx.,2.5,12.30645161,22.11290323,1.01
203,SLAMX,-98.87,19.19,MEX,San Luis Ameca Méx.,3.85483871,12.64516129,21.43548387,6.01
204,SJHMX,-99.76,19.24,MEX,San Juan de las Huertas Méx.,2.483870968,9.661290323,16.83870968,0.0
205,PTLMX,-99.28,19.45,MEX,Presa Totolica Méx.,2.419354839,11.73387097,21.048387100000003,1.5
206,EMOMX,-99.24,19.45,MEX,El Molinito Río Hondo Méx.,-1.096774194,11.4516129,24.0,0.0
207,SBBMX,-99.7,19.47,MEX,José Antonio Alzate Méx.,-1.935483871,9.596774194,21.12903226,0.0
208,MBLMX,-99.22,19.48,MEX,Molino Blanco Méx.,4.741935484,13.11290323,21.48387097,6.0
209,CHPMX,-98.88,19.48,MEX,Chapingo Méx.,3.725806452,14.28225806,24.83870968,8.9
210,ARBMX,-99.22,19.57,MEX,Las Arboledas Méx.,5.661290322999999,14.50806452,23.35483871,3.1
211,GRDMX,-98.92,19.58,MEX,La Grande Méx.,7.258064516,14.75806452,22.25806452,0.0
212,OBSMX,-99.19,19.62,MEX,San Martín Obispo Méx.,7.387096774,14.31451613,21.24193548,9.9
213,K27MX,-99.05,19.63,MEX,km 27+250 Méx.,8.032258065,15.01612903,22.0,4.5
214,SNLMX,-98.86,19.64,MEX,San Lucas Mex.,3.193548387,12.59677419,22.0,3.2
215,CNPMX,-99.3,19.7,MEX,La Concepción Méx.,2.935483871,12.62903226,22.32258065,2.0
216,PCGMX,-99.18,19.74,MEX,Puente Colgante Méx.,2.419354839,11.70967742,21.0,11.02
217,DNXMX,-99.56,19.88,MEX,Danxhó Méx.,0.7419354840000001,9.693548387,18.64516129,8.0
218,TTQMX,-99.12,19.9,MEX,Tajo de Tequixquiac Mex.,1.967741935,12.08064516,22.19354839,9.51
219,ZICMC,-101.93,18.92,MICH,Zicuirán Mich.,17.12903226,28.5,39.87096774,0.0
220,APAMC,-102.37,19.08,MICH,Apatzingán Mich. SMN*,17.71935484,26.23387097,34.7483871,0.0
221,APTMC,-102.37,19.08,MICH,Apatzingán Mich.,15.09677419,24.31451613,33.53225806,0.0
222,LOLMC,-102.87,19.21,MICH,Los Olivos Mich.,14.5,26.298387100000003,38.09677419,42.0
223,PDBMC,-101.05,19.49,MICH,Planta de Bombeo Mich.,5.032258065,14.78225806,24.53225806,21.0
224,VJIMC,-101.45,19.55,MICH,Villa Jiménez Mich.,2.967741935,13.28225806,23.59677419,10.61
225,COIMC,-101.26,19.63,MICH,Coíntzio Mich.,5.4193548389999995,14.74032258,24.06129032,5.83
226,MORMC,-101.18,19.69,MICH,Morelia Mich.,7.64516129,16.02419355,24.40322581,19.82
227,MCEMC,-101.1,19.7,MICH,Morelia Centro Mich.,8.309677419,16.17096774,24.03225806,14.11
228,CHIMC,-100.55,19.7,MICH,Ciudad Hidalgo Mich.,5.112903226,14.04032258,22.96774194,0.0
229,MLPMC,-100.87,19.83,MICH,Malpaís Mich.,4.064516128999999,14.80645161,25.548387100000003,0.01
230,SJUMC,-102.65,19.84,MICH,San Juanico Mich.,7.370967742,16.31451613,25.25806452,18.0
231,MRVMC,-100.44,19.89,MICH,Maravatío Mich.,3.516129032,14.7983871,26.08064516,13.0
232,UREMC,-102.14,19.96,MICH,Urepetiro Mich.,3.14516129,13.02419355,22.90322581,2.8
233,EGIMC,-100.45,19.97,MICH,El Gigante Mich.,4.677419355,15.68548387,26.69354839,1.5
234,SAHMC,-102.72,20.07,MICH,Sahuayo Mich.,5.435483871000001,15.71774194,26.0,4.02
235,SSIMC,-102.4,20.1,MICH,San Simón Mich.,12.29032258,19.62903226,26.96774194,6.01
236,LPAMC,-102.75,20.15,MICH,La Palma Mich.,9.816129032000001,16.74677419,23.67741935,26.2
237,PORMC,-101.6,20.3,MICH,Pastor Ortiz Mich.,4.838709677,13.70967742,22.58064516,0.82
238,CBLMC,-101.46,20.32,MICH,Casa Blanca Mich.,5.112903226,14.70967742,24.30645161,6.11
239,HIGMR,-99.18,18.57,MOR,Higuerón Mor.,12.48387097,20.66129032,28.83870968,0.0
240,JOJMR,-99.2,18.6,MOR,Jojutla Mor.,10.69354839,22.43548387,34.17741935,0.0
241,GAVNR,-105.14,20.89,NAY,Gaviotas Nay.,16.61290323,24.25,31.88709677,3.0
242,TEPNR,-104.89,21.49,NAY,Tepic Nay.,13.98709677,21.0,28.01290323,1.3
243,ACAPONETA,-105.39,22.47,NAY,Acaponeta Nay. SMN*,15.93225806,23.30806452,30.68387097,0.0
244,DARNL,-100.17,23.68,NL,Doctor Arroyo N.L.,6.64516129,14.75806452,22.87096774,6.0
245,ZRGNL,-99.78,23.98,NL,Zaragoza N.L.,6.4193548389999995,14.46774194,22.51612903,8.0
246,ARRNL,-99.82,24.1,NL,Aramberri N.L.,6.1333333329999995,14.83333333,23.53333333,9.33
247,CRUNL,-99.7,24.78,NL,Crucitas N.L.,7.517857143,14.42857143,21.33928571,19.71
248,GALNL,-100.08,24.83,NL,Galeana N.L.,5.225806452,11.70967742,18.19354839,2.9
249,CPRNL,-99.4,24.94,NL,José López Portillo N.L.,8.788461538,14.91346154,21.03846154,21.43
250,SRANL,-100.55,25.03,NL,San Rafael N.L.,-1.35483871,10.11290323,21.58064516,7.01
251,LBCNL,-100.13,25.43,NL,La Boca N.L.,7.314814815,14.22222222,21.12962963,38.2
252,ECSNL,-100.2,25.52,NL,El Cerrito N.L.,5.178571429,13.48214286,21.78571429,35.0
253,MTRNL,-100.27,25.68,NL,Monterrey N.L.,8.803571429,15.33928571,21.875,36.32
254,OBSNL,-100.3,25.73,NL,Observatorio de Nuevo León N.L.,9.296153846000001,15.96538462,22.63461538,36.32
255,CANNL,-100.27,25.8,NL,El Canadá N.L.,8.923076923,15.48076923,22.03846154,31.25
256,CDFNL,-100.17,25.95,NL,Ciénega de Flores N.L.,7.103448276,13.93965517,20.77586207,54.0
257,CRVNL,-99.61,26.09,NL,Cerralvo N.L.,7.0,13.13793103,19.27586207,37.73
258,PTAOX,-96.48,15.67,OAX,Puerto Ángel Oax.,21.92580645,27.45967742,32.99354839,0.0
259,CHIOX,-94.82,16.58,OAX,Chicapa Oax.,21.77586207,25.80172414,29.82758621,1.84
260,BOQOX,-95.93,16.65,OAX,Boquilla 1 Oax.,11.19354839,22.75806452,34.32258065,0.01
261,OAOOX,-96.7,17.0,OAX,Observatorio de Aeropuerto Oaxaca Oax.,9.464516129,18.90806452,28.351612899999996,2.8
262,OACOX,-96.73,17.07,OAX,Oaxaca Centro Oax.,11.61290323,19.951612899999997,28.29032258,0.4
263,MAROX,-95.48,17.45,OAX,María Lombardo Oax.,16.84615385,21.29807692,25.75,28.04
264,HLOOX,-97.78,17.81,OAX,Observatorio de Huajuapan de León Oax.,6.687096774,17.60967742,28.53225806,1.8
265,JACOX,-96.2,17.87,OAX,Jacatepec Oax.,17.05,21.99166667,26.93333333,40.0
266,SFUOX,-96.53,17.88,OAX,San Felipe Usila Oax.,15.37931034,20.18965517,25.0,143.5
267,CDOOX,-96.26,18.0,OAX,Miguel de la Madrid Hurtado Oax.,16.72413793,22.04310345,27.36206897,143.31
268,PAPOX,-96.08,18.17,OAX,Papaloapan Oax.,19.96153846,23.67307692,27.38461538,37.17
269,TEMOX,-96.41,18.23,OAX,Presidente Alemán Oax.,18.37037037,23.11111111,27.85185185,31.9
270,CHSPB,-98.57,18.11,PUE,Chila de la Sal Pue.,6.161290322999999,19.69354839,33.22580645,0.0
271,PIXPB,-98.26,18.2,PUE,Piaxtla Pue.,9.935483871,21.35483871,32.77419355,0.01
272,TELPB,-98.78,18.45,PUE,Teotlalco Pue.,8.129032257999999,21.14516129,34.16129032,0.0
273,TEHPB,-97.4,18.48,PUE,Tehuacán Pue.,6.322580645,15.08064516,23.83870968,0.0
274,CHIPB,-98.58,18.52,PUE,Chietla Pue.,11.74193548,21.09677419,30.451612899999997,0.0
275,IZMPB,-98.47,18.61,PUE,Izúcar de Matamoros Pue.,17.77419355,21.16129032,24.548387100000003,0.0
276,HQCPB,-98.54,18.77,PUE,Huaquechula Pue.,9.774193548,18.74193548,27.70967742,0.0
277,TECPB,-97.75,18.88,PUE,Tecamachalco Pue.,4.64516129,13.93548387,23.22580645,0.0
278,BDDPB,-98.11,18.91,PUE,Manuel Ávila Camacho Pue.,3.322580645,12.66129032,22.0,0.0
279,PCRPB,-97.25,18.92,PUE,Paso Carretas Pue.,3.258064516,11.40322581,19.548387100000003,3.0
280,ECHPB,-98.28,18.97,PUE,Echeverría Pue.,5.35483871,15.38709677,25.41935484,0.0
281,CDSPB,-97.44,18.99,PUE,Ciudad Serdán Pue.,2.903225806,12.37096774,21.83870968,4.5
282,MAYPB,-98.23,19.01,PUE,Mayorazgo 21 Poniente Pue.,5.435483871000001,14.84677419,24.25806452,4.0
283,CNAPB,-98.2,19.02,PUE,Conagua Pue.,6.661290322999999,15.87903226,25.09677419,1.4
284,PUOPB,-98.17,19.05,PUE,Observatorio de Puebla Pue.,5.993548387000001,14.78387097,23.57419355,2.8
285,ACJPB,-97.93,19.06,PUE,Acajete Pue.,3.806451613,13.85483871,23.90322581,0.0
286,CHLPB,-98.32,19.07,PUE,Cholula Pue.,5.35483871,15.32258065,25.29032258,2.0
287,CPLPB,-98.06,19.09,PUE,Capulac Pue.,5.741935484,13.67741935,21.61290323,0.01
288,HJTPB,-98.46,19.1,PUE,Huejotzingo Pue.,4.193548387,13.09677419,22.0,8.7
289,QUIPB,-97.62,19.25,PUE,Quimixtlán Pue.,6.85,13.175,19.5,1.02
290,ACHPB,-97.42,19.45,PUE,Alchichilca Pue.,0.435483871,10.1016129,19.76774194,0.0
291,LIBPB,-97.69,19.46,PUE,Libres Pue.,3.935483871,13.61290323,23.29032258,0.0
292,TPYPB,-97.49,19.49,PUE,Tepeyahualco Pue.,2.032258065,12.56451613,23.09677419,1.0
293,OYAPB,-97.53,19.7,PUE,Oyameles Pue.,2.322580645,8.85483871,15.38709677,0.04
294,CNGPB,-98.05,19.74,PUE,Chignahuapan Pue.,1.838709677,9.717741935,17.59677419,4.42
295,TEZPB,-97.36,19.82,PUE,Teziutlán Pue.,6.538461538,14.05769231,21.57692308,19.54
296,TEOPB,-97.81,19.83,PUE,Tetela de Ocampo Pue.,5.533333333,12.48333333,19.43333333,8.31
297,ZCPPB,-97.58,19.86,PUE,Zacapoaxtla Pue.,6.7241379310000005,11.86206897,17.0,20.2
298,TDRPB,-97.79,20.0,PUE,Tepango de Rodríguez Pue.,5.483870968,14.03225806,22.58064516,57.7
299,AHUPB,-98.15,20.03,PUE,Ahuazontepec Pue.,1.403225806,9.774193548,18.14516129,10.7
300,CTZPB,-97.52,20.03,PUE,Cuetzalan Pue.,10.64516129,15.82258065,21.0,112.55
301,HUAPB,-98.05,20.18,PUE,Huauchinango Pue.,8.517241379,14.25862069,20.0,38.22
302,ZRGPB,-97.83,20.18,PUE,Zaragoza Pue.,5.032258065,12.41935484,19.80645161,13.5
303,APAPB,-97.84,20.41,PUE,Apapantilla Pue.,15.74193548,21.43548387,27.12903226,13.01
304,VENPB,-97.68,20.51,PUE,Venustiano Carranza Pue.,6.322580645,15.72580645,25.12903226,13.5
305,CHOQR,-88.33,18.5,QROO,Chetumal Q. Roo.,18.29354839,24.15322581,30.01290323,44.13
306,FCRQR,-88.04,19.58,QROO,Felipe Carrillo Puerto Q. Roo.,16.40333333,22.86166667,29.32,36.2
307,COZQR,-86.95,20.51,QROO,Cozumel Q. Roo.,20.31034483,25.82758621,31.34482759,159.4
308,PDCQR,-87.08,20.63,QROO,Playa del Carmen Q. Roo.,18.16666667,23.76333333,29.36,167.2
309,CANQR,-86.82,21.16,QROO,Cancún Q. Roo.,21.125,25.67142857,30.21785714,99.62
310,MZTSI,-106.4,23.23,SIN,Mazatlán Sin.,16.49032258,22.08870968,27.68709677,0.0
311,SQRSI,-106.25,23.35,SIN,Siqueros Sin.,12.25806452,22.04032258,31.82258065,0.01
312,LCRSI,-106.9,23.92,SIN,La Cruz Sin.,11.93548387,21.16129032,30.38709677,0.0
313,SLTSI,-106.7,24.12,SIN,Ing. Aurelio Benassini Vizcaino Sin.,13.35483871,21.77419355,30.19354839,3.0
314,JLPSI,-106.81,24.57,SIN,José López Portillo Sin.,12.91935484,21.04032258,29.16129032,0.01
315,OBSSI,-107.44,24.63,SIN,Observatorio de Culiacán Sin.,12.41290323,20.95,29.48709677,0.0
316,SLRSI,-107.1,24.45,SIN,San Lorenzo Sin.,13.72580645,22.43548387,31.14516129,0.01
317,CLCSI,-107.4,24.82,SIN,Culiacán Sin.,12.11290323,20.02419355,27.93548387,0.51
318,AWSSI,-107.47,25.03,SIN,Andrew Weiss Sin.,9.661290323,19.65322581,29.64516129,0.01
319,SJNSI,-107.84,25.49,SIN,San Juan Sin.,10.43548387,20.30645161,30.17741935,1.21
320,GMCSI,-108.09,25.47,SIN,Guamúchil Sin.,12.16129032,20.74193548,29.32258065,5.01
321,GSVSI,-108.47,25.72,SIN,Guasave Sin.,11.67741935,19.701612899999997,27.72580645,6.2
322,MCHSI,-109.0,25.8,SIN,Los Mochis Sin.,12.72580645,19.44354839,26.16129032,7.91
323,JNASI,-108.01,25.9,SIN,Jaina Sin.,9.35483871,19.12903226,28.90322581,8.03
324,JORSI,-108.7,26.43,SIN,Josefa Ortiz de Domínguez Sin.,11.79032258,19.96774194,28.14516129,16.5
325,PMHSI,-108.58,26.51,SIN,Miguel Hidalgo Sin.,8.629032257999999,18.41129032,28.19354839,16.0
326,TMTSL,-98.76,21.24,SLP,Temamatla S.L.P.,15.39285714,19.92142857,24.45,89.4
327,TBLSL,-98.86,21.25,SLP,Tierra Blanca S.L.P.,15.26206897,19.81724138,24.37241379,68.3
328,RQTSL,-98.89,21.42,SLP,Requetemu S.L.P.,14.91785714,19.925,24.93214286,79.4
329,SVTSL,-98.62,21.69,SLP,San Vicente S.L.P.,14.96428571,19.88928571,24.81428571,34.0
330,BLMSL,-98.96,21.75,SLP,Ballesmi S.L.P.,14.63571429,20.11785714,25.6,53.0
331,PUJSL,-98.94,21.85,SLP,El Pujal S.L.P.,14.42592593,20.29814815,26.17037037,24.8
332,GANSL,-99.24,21.91,SLP,Gallinas S.L.P.,13.19259259,19.43888889,25.68518519,25.4
333,TMISL,-98.77,22.0,SLP,Tamuín S.L.P.,15.21851852,20.92592593,26.63333333,19.4
334,MICSL,-99.16,22.12,SLP,Micos S.L.P.,14.25185185,18.96481481,23.67777778,111.1
335,NRJSL,-99.32,22.52,SLP,Naranjos S.L.P.,13.22758621,19.07931034,24.93103448,19.4
336,ARCSO,-109.11,27.23,SON,Adolfo Ruíz Cortínes Son.,10.9516129,18.22580645,25.5,20.1
337,COBSO,-109.94,27.5,SON,Ciudad Obregón Son.,8.951612903,17.97580645,27.0,17.71
338,TSOSO,-109.21,27.66,SON,Tesocoma Son.,5.709677419,16.37903226,27.048387100000003,12.1
339,AOBSO,-109.89,27.82,SON,Álvaro Obregón Son.,12.53333333,19.50833333,26.48333333,14.51
340,GYMSO,-110.85,27.95,SON,Guaymas Son.,11.7516129,17.23870968,22.72580645,10.3
341,EPLSO,-110.8,27.95,SON,Empalme Son.,10.36774194,17.65,24.93225806,7.2
342,YCRSO,-108.93,28.37,SON,Yécora Son.,-3.431612903,8.90516129,21.24193548,29.52
343,HM2SO,-110.92,29.07,SON,Observatorio de Hermosillo Son.,9.287096774,17.34193548,25.39677419,25.7
344,HMNSO,-110.93,29.07,SON,Hermosillo Son.,10.27419355,17.73387097,25.19354839,25.7
345,PMOSO,-110.73,29.21,SON,Ing. Rodolfo Félix Valdés Son.,7.05,16.175,25.3,20.71
346,ORGSO,-110.71,29.23,SON,El Oregano Son.,7.64516129,17.09677419,26.548387100000003,9.11
347,CJNSO,-110.74,29.47,SON,El Cajón Son.,3.916666667,14.33,24.74333333,27.51
348,ARZSO,-110.17,30.34,SON,Arizpe Son.,0.323225806,9.35516129,18.38709677,32.0
349,BCRSO,-108.93,30.36,SON,Bacerac Son.,-0.580645161,9.080645161,18.74193548,27.32
350,SRSSO,-111.45,30.39,SON,Santa Rosa 2 Son.,4.032258065,11.59677419,19.16129032,30.52
351,LCDSO,-109.38,30.44,SON,Lázaro Cárdenas Son.,8.15,13.85,19.55,17.0
352,BCNSO,-110.24,30.6,SON,Bacanuchi Son.,-0.35483871,9.741935483999999,19.83870968,28.1
353,ALTSO,-111.73,30.72,SON,Altar Son.,6.019354839,14.15483871,22.29032258,6.01
354,NGLSO,-110.95,31.32,SON,Nogales Son.,4.451724138,11.43103448,18.41034483,19.9
355,NYNSO,-112.85,31.87,SON,Sonoyta Son.,3.548387097,11.5,19.451612899999997,3.72
356,OXOTB,-92.75,17.39,TAB,Oxolotán Tab.,19.0625,23.46875,27.875,217.3
357,BDCTB,-91.48,17.43,TAB,Boca del Cerro Tab.,19.0,23.875,28.75,100.2
358,TAPTB,-92.82,17.47,TAB,Tapijulapa Tab.,18.68333333,23.35,28.01666667,266.1
359,TEATB,-92.97,17.57,TAB,Teapa Tab.,18.95,24.43333333,29.91666667,235.8
360,PUYTB,-92.94,17.57,TAB,Puyacatengo Tab.,18.51785714,23.34821429,28.17857143,274.7
361,MACTB,-92.6,17.77,TAB,Macuspana Tab.,18.89583333,23.32291667,27.75,134.8
362,SPTTB,-91.16,17.79,TAB,San Pedro Tab.,17.58064516,23.49193548,29.40322581,44.7
363,CARTB,-93.38,18.0,TAB,Cárdenas Tab.,19.05357143,23.09821429,27.14285714,198.5
364,PNVTB,-92.88,17.85,TAB,Pueblo Nuevo Tab.,17.98148148,22.81481481,27.64814815,125.85
365,GONTB,-93.0,17.98,TAB,González Tab.,18.59259259,23.31481481,28.03703704,167.3
366,SAMTB,-93.28,18.0,TAB,Samaria Tab.,17.82,22.48,27.14,89.9
367,EMUTB,-92.92,17.98,TAB,Villahermosa Muelle Tab.,20.47083333,24.38333333,28.29583333,216.9
368,EPOTB,-92.81,18.04,TAB,El Porvenir Tab.,18.46428571,23.20535714,27.94642857,199.8
369,ZITTL,-97.91,19.2,TLAX,Zitlaltepec Tlax.,2.8,11.93333333,21.06666667,0.0
370,CUATL,-97.77,19.3,TLAX,Cuapiaxtla Tlax.,1.967741935,11.98387097,22.0,0.0
371,LPEVC,-94.92,17.42,VER,Las Perlas Ver.,16.53571429,21.78571429,27.03571429,46.11
372,JCRVC,-95.03,17.43,VER,Jesús Carranza Ver.,17.36296296,22.00555556,26.64814815,50.23
373,JDCVC,-94.09,17.87,VER,San José del Carmen Ver.,16.05172414,21.31034483,26.56896552,86.2
374,SJEVC,-95.13,17.88,VER,San Juan Evangelista Ver.,18.68333333,23.18333333,27.68333333,38.23
375,JALVC,-94.67,17.95,VER,Jaltipán Ver.,19.22222222,23.27777778,27.33333333,62.2
376,MNZVC,-94.77,18.14,VER,Minzapan Ver.,17.42592593,21.24074074,25.05555556,36.67
377,CTTVC,-95.3,18.14,VER,Coatotolapan Ver.,16.46666667,21.44166667,26.41666667,21.12
378,LAUVC,-95.35,18.25,VER,Lauchapan Ver.,15.69642857,20.75,25.80357143,23.82
379,TBLVC,-96.35,18.45,VER,Tierra Blanca Ver.,17.26666667,21.93333333,26.6,32.7
380,ARCVC,-95.44,18.58,VER,Ángel Rosario Cabada Ver.,16.73214286,21.50892857,26.28571429,80.08
381,ORZVC,-97.1,18.85,VER,Orizaba Ver.,11.38888889,16.56111111,21.73333333,11.65
382,LGRVC,-97.23,18.92,VER,Loma Grande Ver.,2.451612903,11.32258065,20.19354839,0.0
383,VTEVC,-96.61,19.02,VER,Villa Tejeda Ver.,16.19354839,21.46774194,26.74193548,9.6
384,ETEVC,-96.16,19.07,VER,El Tejar Ver.,16.41935484,23.32258065,30.22580645,27.38
385,MFAVC,-96.33,19.15,VER,Manlio Fabio Altamirano Ver.,17.20689655,22.12241379,27.03793103,0.02
386,VERVC,-96.11,19.15,VER,Veracruz Ver.,19.31481481,23.05555556,26.796296299999998,31.92
387,HTSVC,-96.95,19.18,VER,Huatusco Ver.,6.379310345,12.78448276,19.18965517,30.01
388,TAMVC,-96.49,19.34,VER,Tamarindo Ver.,19.46153846,22.61538462,25.76923077,40.0
389,CRDVC,-96.37,19.36,VER,Cardel Ver.,17.58064516,22.84677419,28.11290323,13.01
390,IDOVC,-96.55,19.4,VER,Ídolos Ver.,17.96666667,22.89166667,27.81666667,6.14
391,ENRVC,-96.36,19.41,VER,El Naranjillo Ver.,17.15,21.7,26.25,20.0
392,BRIVC,-96.93,19.48,VER,Briones Ver.,7.516666667000001,12.805,18.09333333,47.54
393,ACTVC,-96.59,19.5,VER,Actopan Ver.,19.25,23.28571429,27.32142857,26.41
394,XOBVC,-96.92,19.53,VER,Observatorio de Xalapa Ver.,10.39285714,15.71964286,21.04642857,27.01
395,XCFVC,-96.85,19.55,VER,Xalapa CFE Ver.,10.33333333,15.046296300000002,19.75925926,45.23
396,JOYVC,-97.02,19.6,VER,La Joya Ver.,3.142857143,9.428571429,15.71428571,37.72
397,LVRVC,-97.1,19.65,VER,Las Vigas de Ramírez Ver.,2.583333333,10.4,18.21666667,28.3
398,NAOVC,-96.87,19.65,VER,Naolinco Ver.,8.777777777999999,13.69444444,18.61111111,40.86
399,ACAVC,-96.84,19.7,VER,Acatlán Ver.,6.448275862000001,11.5,16.55172414,53.23
400,ALTVC,-97.23,19.76,VER,Altotonga Ver.,4.896551724,10.55172414,16.20689655,31.57
401,LIBVC,-96.98,20.05,VER,Libertad Ver.,17.0625,21.60416667,26.14583333,60.45
402,SBTVC,-97.78,20.88,VER,Sombrerete Ver.,14.56666667,19.65833333,24.75,20.88
403,ALAVC,-97.68,20.93,VER,Álamo Temapache Ver.,15.32758621,19.34482759,23.36206897,55.01
404,TXPVC,-97.4,20.96,VER,Tuxpan Ver.,16.5,20.42586207,24.35172414,64.21
405,PSNVC,-98.34,21.29,VER,Platón Sánchez Ver.,14.82142857,20.20892857,25.59642857,64.4
406,TMPVC,-98.38,21.52,VER,Tempoal Ver.,14.37857143,20.4875,26.59642857,33.6
407,HGOVC,-98.44,21.78,VER,El Higo Ver.,14.63571429,20.17321429,25.71071429,75.0
408,OLVVC,-98.51,21.84,VER,El Olivo Ver.,14.63928571,19.90178571,25.16428571,31.8
409,PNCVC,-98.17,22.05,VER,Pánuco Ver.,15.48214286,20.51428571,25.54642857,43.4
410,PETYC,-88.93,20.13,YUC,Peto Yuc.,14.0483871,22.21774194,30.38709677,48.03
411,OXKYC,-89.39,20.29,YUC,Oxkutzcab Yuc.,11.64516129,20.18548387,28.72580645,16.02
412,TICYC,-89.56,20.4,YUC,Ticul Yuc.,15.12068966,21.87931034,28.63793103,51.82
413,CANYC,-89.08,20.46,YUC,Cantamayec Yuc.,16.43333333,22.71666667,29.0,124.5
414,MUNYC,-89.71,20.49,YUC,Muna Yuc.,16.12068966,23.31034483,30.5,21.62
415,VALYC,-88.2,20.69,YUC,Valladolid Yuc.,17.68666667,23.69,29.69333333,57.4
416,CHOYC,-89.83,20.75,YUC,Chocholá Yuc.,16.86666667,23.45833333,30.05,47.4
417,FAEYC,-89.64,20.94,YUC,Fuerza Aérea Yuc.,18.33571429,24.51428571,30.69285714,19.12
418,MEOYC,-89.65,20.95,YUC,Observatorio de Mérida Yuc.,18.113793100000002,24.02931034,29.94482759,20.54
419,EZAYC,-89.58,20.98,YUC,Emiliano Zapata Yuc.,18.03333333,23.41666667,28.8,18.2
420,GARYC,-89.66,20.98,YUC,Organismo de Cuenca Península de Yucatán Yuc.,16.43333333,22.35,28.26666667,18.13
421,CICYC,-89.64,21.03,YUC,Centro de Investigación Científica Yuc.,18.43548387,24.26612903,30.09677419,31.53
422,PROYC,-89.65,21.28,YUC,Progreso Yuc.,18.82692308,23.48076923,28.13461538,15.91
423,CYOYC,-87.68,21.51,YUC,El Cuyo Yuc.,19.86666667,24.21666667,28.56666667,17.4
424,NCTZC,-102.85,21.36,ZAC,Nochistlán Zac.,2.806451613,13.49193548,24.17741935,29.7
425,VILZC,-103.34,21.59,ZAC,José María Morelos Zac.,8.661290323,19.61290323,30.56451613,15.2
426,EXCZC,-103.35,21.65,ZAC,Miguel Alemán Zac.,3.2903225810000003,14.0,24.70967742,10.43
427,PMOZC,-102.9,21.71,ZAC,Moraleños Zac.,7.2258064520000005,17.16129032,27.09677419,15.7
428,ATGZC,-103.46,21.81,ZAC,Atolinga Zac.,1.0,9.048387097,17.09677419,9.72
429,PINZC,-101.4,22.12,ZAC,Pino Suárez Zac.,0.7419354840000001,11.21774194,21.69354839,3.5
430,TAYZC,-102.86,22.12,ZAC,Ing. Julián Adame Alatorre Zac.,3.8870967739999998,14.34677419,24.80645161,13.5
431,VHGZC,-101.72,22.35,ZAC,Villa Hidalgo Zac.,1.870967742,10.83870968,19.80645161,9.7
432,PALZC,-102.8,22.35,ZAC,Palomas Zac.,2.177419355,11.90322581,21.62903226,9.8
433,ELSZC,-102.04,22.67,ZAC,El Saladillo Zac.,-0.516129032,10.80645161,22.12903226,6.02
434,LFLZC,-103.6,22.69,ZAC,La Florida Zac.,-0.9032258059999999,12.19354839,25.29032258,2.51
435,GPEZC,-102.51,22.75,ZAC,Guadalupe Zac.,5.167741935,12.97096774,20.77419355,8.01
436,ZACZC,-102.58,22.76,ZAC,Zacatecas Zac.,7.693548387000001,13.78225806,19.87096774,12.02
437,LBUZC,-102.57,22.78,ZAC,La Bufa Zac.,7.45483871,11.67096774,15.88709677,7.7
438,BTEZC,-102.95,22.82,ZAC,Ramón López Velarde Zac.,3.4290322580000003,12.52903226,21.62903226,12.2
439,LOBZC,-103.38,22.85,ZAC,Manuel Felgueres Zac.,0.306451613,11.60483871,22.90322581,13.5
440,STRZC,-103.11,22.92,ZAC,Santa Rosa Zac.,3.419354839,11.74193548,20.06451613,18.52
441,LREZC,-103.22,23.18,ZAC,Gobernador Leobardo Reynoso Zac.,1.5806451609999999,11.48387097,21.38709677,8.0
442,SOMZC,-103.64,23.64,ZAC,Sombrerete Zac.,5.012903226000001,13.57096774,22.12903226,1.6
443,ELCZC,-103.1,23.69,ZAC,El Cazadero Zac.,2.112903226,12.08870968,22.06451613,7.51
444,RGRZC,-103.03,23.82,ZAC,Río Grande Zac.,1.338709677,11.63709677,21.93548387,3.61
445,GUAMC,-102.54,19.98,MICH,Guaracha Mich.,6.516129032,17.951612899999997,29.38709677,6.86
446,BIBMC,-102.42,20.18,MICH,Barraje de Ibarra Mich.,5.5,15.36290323,25.22580645,3.01
447,HLSVC,-98.27,21.16,VER,Los Hules Ver.,14.08571429,19.60714286,25.12857143,39.8
448,VILLAOCAMPO,-105.5,26.44,DGO,Villa Ocampo Dgo. SMN*,-0.403225806,10.71774194,21.83870968,5.2
449,TIZYC,-88.17,21.16,YUC,Tizimín Yuc.,15.56666667,21.75833333,27.95,52.12
450,CCHNL,-99.28,25.71,NL,Cuchillo-Solidaridad N.L.,9.304347826,14.40217391,19.5,20.44
451,RMLOX,-95.92,17.73,OAX,Río Manso Lalana Oax.,17.62962963,22.83333333,28.03703704,102.2
452,BANVC,-96.94,19.59,VER,Banderillas Ver.,7.612903226,12.96774194,18.32258065,63.0
453,NVAPALESTINA,-93.63,16.49,CHIS,Nueva Palestina Chis. SGT*,15.28064516,22.91129032,30.54193548,0.0
454,PAGDR,-104.66,24.2,DGO,Peña del Águila Dgo.,-0.225806452,10.88709677,22.0,1.2
455,ADOPB,-98.06,18.28,PUE,Acatlán de Osorio Pue.,10.58064516,20.58064516,30.58064516,0.0
456,COAPB,-98.16,18.61,PUE,Coatzingo Pue.,9.35483871,19.98387097,30.61290323,0.0
457,SCRPB,-98.22,19.11,PUE,San Cristóbal Caleras Pue.,3.129032258,12.48387097,21.83870968,3.8
458,TANYC,-89.05,20.03,YUC,Tantaquín Yuc.,12.24193548,19.80645161,27.37096774,31.1
459,CHIYC,-88.47,20.39,YUC,Chan-Chichimilá Yuc.,14.48333333,20.50833333,26.53333333,62.5
460,MYNNL,-100.12,23.42,NL,Mier y Noriega N.L.,7.129032258,15.70967742,24.29032258,9.73
461,PDTVC,-96.14,19.04,VER,Paso del Toro Ver.,20.23809524,23.5,26.76190476,0.07
462,VGCDR,-103.98,23.74,DGO,Vicente Guerrero Dgo.,1.7903225809999999,12.2983871,22.80645161,2.0
463,C08182,-108.52,28.15,CHIH,Moris,2.032258065,13.09677419,24.16129032,43.01
464,CLTJL,-103.25,22.13,JAL,Colotlán Jal.,4.106451613,14.80967742,25.51290323,10.4
465,NTAZC,-102.62,24.98,ZAC,Nuevo Tampico Zac.,3.322580645,14.19354839,25.06451613,4.8
466,HECCA,-90.11,20.18,CAMP,Hecelchakán Camp.,19.03225806,25.24193548,31.451612899999997,20.0
467,C08243,-107.7,28.76,CHIH,Tejolocachi,-4.548387097,6.193548387000001,16.93548387,17.2
468,C08270,-105.96,28.77,CHIH,La Mesa,1.35483871,10.85483871,20.35483871,6.72
469,C08099,-106.48,28.8,CHIH,Majalca,-2.483870968,6.306451612999999,15.09677419,10.0
470,C08219,-108.09,29.25,CHIH,Peñitas,-7.161290322999999,2.951612903,13.06451613,20.5
471,ILRAYON,-92.18,14.63,CHIS,Ignacio López Rayón Chis. SGT*,21.13870968,26.33548387,31.53225806,0.0
472,VTACANA,-92.15,15.09,CHIS,Volcán Tacaná Chis. SMN*,14.61290323,20.34677419,26.08064516,14.8
473,ARGOVIA,-92.3,15.12,CHIS,Finca Argovia Chis. SGT*,17.13548387,23.46451613,29.79354839,33.6
474,HUIXTLA,-92.47,15.15,CHIS,Huixtla Chis. SGT*,20.76451613,29.50806452,38.2516129,26.2
475,CHAYABE,-91.71,16.38,CHIS,Finca Chayabé Chis. SGT*,11.95,16.83035714,21.71071429,83.5
476,SCRCP,-92.62,16.74,CHIS,Puente Morelos Chis.,6.3,13.63333333,20.96666667,2.16
477,BOCHIL,-92.91,17.0,CHIS,Bochil Chis. SGT*,10.35806452,17.81774194,25.27741935,9.9
478,DJLCM,-103.88,19.11,COL,Derivadora Jala Col.,16.75806452,24.67741935,32.59677419,8.8
479,GCNDF,-99.09,19.48,DF,km 6+250 del Gran Canal Cd. de Méx.,4.806451613,13.25,21.69354839,18.6
480,GVHDR,-104.75,23.96,DGO,Guadalupe Victoria Dgo.,4.6290322580000005,12.23387097,19.83870968,0.5
481,LGVGJ,-100.87,20.38,GTO,Presa la Gavia Gto.,4.548387097,14.91935484,25.29032258,9.0
482,TTLMX,-99.28,19.45,MEX,Totolica hidrométricas Méx.,7.483870968,15.59677419,23.70967742,8.0
483,SADMX,-98.91,19.53,MEX,San Andrés Méx.,4.483870968,13.43548387,22.38709677,12.32
484,ATEMX,-98.91,19.54,MEX,Atenco Méx.,1.741935484,12.33870968,22.93548387,16.01
485,CARNL,-99.44,24.98,NL,Carmen de los Elizondo Linares N.L.,7.142857143,15.05357143,22.96428571,17.22
486,SCIOX,-96.55,17.27,OAX,Ixtepeji Oax.,6.935483871000001,15.66129032,24.38709677,0.0
487,RNAPB,-97.4,20.12,PUE,Rancho Nuevo Pue.,16.0,19.93103448,23.86206897,36.2
488,SN2SI,-107.16,24.81,SIN,Sanalona hidrométrica Sin.,7.451612902999999,19.451612899999997,31.451612899999997,0.11
489,GD2SI,-107.91,25.86,SIN,Bacurato hidrométrica de Gustavo Diaz Ordáz Sin.,11.32258065,20.33870968,29.35483871,0.02
490,GB2SI,-108.32,26.08,SIN,El Sabinal hidrométrica Sin.,12.35483871,19.87096774,27.38709677,14.02
491,ABAYC,-89.68,20.65,YUC,Abalá Yuc.,11.62903226,19.50806452,27.38709677,50.0
492,MOCYC,-89.44,21.11,YUC,Mocochá Yuc.,14.12903226,21.46774194,28.80645161,28.9
493,STEZC,-103.5,22.33,ZAC,Santa Teresa Zac.,5.112903226,13.66935484,22.22580645,6.0
494,TMOVC,-94.16,17.57,VER,Tierra Morada Ver.,18.05357143,22.24107143,26.42857143,178.5
495,SILTEPEC,-92.32,15.56,CHIS,Siltepec Chis. SGT*,15.16428571,20.7375,26.31071429,59.4
496,CRRVC,-96.65,19.32,VER,Carrizal Ver.,16.98387097,21.97580645,26.96774194,13.56
497,BACCH,-107.26,28.77,CHIH,Bachíniva Chih.,-1.548387097,7.629032258,16.80645161,13.0
498,BCSJL,-103.73,22.4,JAL,Bocas Jal.,2.5,14.83870968,27.17741935,3.1
499,CHDMX,-99.47,18.8,MEX,Colonia Hidalgo Mex.,16.09677419,22.96774194,29.83870968,0.0
500,PDZMX,-99.73,18.93,MEX,Porfirio Díaz Méx.,5.677419355,13.53225806,21.38709677,0.0
501,RECMX,-99.65,19.3,MEX,Rectoría Méx.,6.806451612999999,12.38870968,17.97096774,2.62
502,SMLMX,-99.8,19.63,MEX,Santa María del Llano Méx.,-2.290322581,11.16129032,24.61290323,6.01
503,ZACOX,-95.93,17.15,OAX,Zacatepec Oax.,13.04166667,16.69791667,20.35416667,58.82
504,NLTVC,-95.52,18.63,VER,Naranjal Lerdo de Tejada Ver.,17.84615385,22.26923077,26.69230769,43.92
505,CONYC,-89.5,21.08,YUC,Conkal Yuc.,13.61290323,20.87096774,28.12903226,35.2
